ebay,women_tops,https://i.ebayimg.com/images/g/3TIAAOSwXeJYMBX7/s-l600.jpg
ebay,women_tops,https://i.ebayimg.com/images/g/YiUAAOSw1BFaRi7Q/s-l600.jpg
ebay,women_tops,https://i.ebayimg.com/images/g/P3kAAOSwhvFZIqUB/s-l600.jpg
ebay,women_tops,https://i.ebayimg.com/images/g/02YAAOSwiDFYMBX2/s-l600.jpg
ebay,women_tops,https://i.ebayimg.com/images/g/eA4AAOSw44BYMBXd/s-l600.jpg
ebay,women_tops,https://i.ebayimg.com/images/g/sOEAAOSwxixaRi7R/s-l600.jpg
ebay,women_tops,https://i.ebayimg.com/images/g/m3YAAOSwal5YMBXV/s-l600.jpg
ebay,women_tops,https://i.ebayimg.com/images/g/LIcAAOSwVtZaRi7m/s-l600.jpg
ebay,women_tops,https://i.ebayimg.com/images/g/~NkAAOSwi7RZIqTv/s-l600.jpg
ebay,women_tops,https://i.ebayimg.com/images/g/iDAAAOSwEZdaRi7X/s-l600.jpg
ebay,women_tops,https://i.ebayimg.com/images/g/-AsAAOSw-K9ZIqTu/s-l600.jpg
ebay,women_tops,https://i.ebayimg.com/images/g/lrAAAOSwB09YMBXb/s-l600.jpg
ebay,women_tops,https://i.ebayimg.com/images/g/SxkAAOSwcgNZIqTt/s-l600.jpg
ebay,women_tops,https://i.ebayimg.com/images/g/cSAAAOSwo4pYMBXf/s-l600.jpg
ebay,women_tops,https://i.ebayimg.com/images/g/k10AAOSwlY1ZIqUg/s-l600.jpg
ebay,women_tops,https://i.ebayimg.com/images/g/nWMAAOSw0hlZIqTy/s-l600.jpg
ebay,women_tops,https://i.ebayimg.com/images/g/TRsAAOSwWv5aRi7j/s-l600.jpg
ebay,women_tops,https://i.ebayimg.com/images/g/EasAAOSwFb5aRi7T/s-l600.jpg
ebay,women_tops,https://i.ebayimg.com/images/g/EdkAAOSw6VRaRi7R/s-l600.jpg
ebay,women_tops,https://i.ebayimg.com/images/g/-FoAAOSw-K9ZIqTz/s-l600.jpg
ebay,women_tops,https://i.ebayimg.com/images/g/nWsAAOSwal5YMBXf/s-l600.jpg
ebay,women_tops,https://i.ebayimg.com/images/g/D5IAAOSwY~1aRi7V/s-l600.jpg
ebay,women_tops,https://i.ebayimg.com/images/g/29EAAOSwjqVZIqTu/s-l600.jpg
ebay,women_tops,https://i.ebayimg.com/images/g/aAkAAOSwPh5ZIqTg/s-l600.jpg
ebay,women_tops,https://i.ebayimg.com/images/g/~i0AAOSwGzhaRi7S/s-l600.jpg
ebay,women_tops,https://i.ebayimg.com/images/g/tiEAAOSw42dZIqTn/s-l600.jpg
ebay,women_tops,https://i.ebayimg.com/images/g/YI8AAOSwnCFaRi7i/s-l600.jpg
ebay,women_tops,https://i.ebayimg.com/images/g/KqkAAOSwsYpaRi7R/s-l600.jpg
ebay,women_tops,https://i.ebayimg.com/images/g/RCMAAOSwzppaRi7U/s-l600.jpg
ebay,women_tops,https://i.ebayimg.com/images/g/6~YAAOSwaeRZIqTw/s-l600.jpg
ebay,women_tops,https://i.ebayimg.com/images/g/5QQAAOSwcXpZnRi1/s-l300.jpg
ebay,women_tops,https://i.ebayimg.com/images/g/u2EAAOSwB4NW0c6-/s-l300.jpg
ebay,women_tops,https://i.ebayimg.com/images/g/3oEAAOSwux5YU5mI/s-l300.jpg
ebay,women_tops,https://i.ebayimg.com/images/g/GdMAAOSwry1aRySO/s-l300.jpg
ebay,women_tops,https://i.ebayimg.com/images/g/lIoAAOSwm3paBWhn/s-l300.jpg
ebay,women_tops,https://i.ebayimg.com/images/g/cbAAAOSwWHBaRySY/s-l300.jpg
ebay,women_tops,https://i.ebayimg.com/images/g/33kAAOSw3wVaXvkb/s-l300.jpg
ebay,women_tops,https://i.ebayimg.com/images/g/ZoMAAOSw3q5aXwvH/s-l300.jpg
ebay,women_tops,https://i.ebayimg.com/images/g/ofIAAOSwsFpaRySR/s-l300.jpg
ebay,women_tops,https://i.ebayimg.com/images/g/xb4AAOSwS9pZct0S/s-l300.jpg
ebay,women_tops,https://i.ebayimg.com/images/g/SuAAAOSwqbxaRySQ/s-l300.jpg
ebay,women_tops,https://i.ebayimg.com/images/g/QzEAAOSwEVZaXvGG/s-l300.jpg
ebay,women_tops,https://i.ebayimg.com/images/g/6gEAAOSwnMBaXwFf/s-l300.jpg
ebay,women_tops,https://i.ebayimg.com/images/g/Ja8AAOSwu0hZcuFv/s-l300.jpg
ebay,women_tops,https://i.ebayimg.com/images/g/pEsAAOSwPpZaRySO/s-l300.jpg
ebay,women_tops,https://i.ebayimg.com/images/g/v0wAAOSwdrhZpufi/s-l300.jpg
ebay,women_tops,https://i.ebayimg.com/images/g/WmYAAOSwidlZZgA4/s-l300.jpg
ebay,women_tops,https://i.ebayimg.com/images/g/QRMAAOSwaGFZcuJW/s-l300.jpg
ebay,women_tops,https://i.ebayimg.com/images/g/5KMAAOSw-ldZZ2kP/s-l300.jpg
ebay,women_tops,https://i.ebayimg.com/images/g/2DwAAOSwRMtZZLPF/s-l300.jpg
ebay,women_tops,https://i.ebayimg.com/images/g/ECMAAOSwuxFYzR6J/s-l300.jpg
ebay,women_tops,https://i.ebayimg.com/images/g/O5sAAOSwzgBYzR2p/s-l300.jpg
ebay,women_tops,https://i.ebayimg.com/images/g/LBgAAOSwWv5Z5dkp/s-l300.jpg
ebay,women_tops,https://i.ebayimg.com/images/g/mpQAAOSwlpZaVxve/s-l300.jpg
ebay,women_tops,https://i.ebayimg.com/images/g/N5IAAOSwvZZZct0N/s-l300.jpg
ebay,women_tops,https://i.ebayimg.com/images/g/ePIAAOSwv4NZct0Q/s-l300.jpg
ebay,women_tops,https://i.ebayimg.com/images/g/ZRQAAOSwEaBaBWfL/s-l300.jpg
ebay,women_tops,https://i.ebayimg.com/images/g/CMoAAOSw6VRaRySR/s-l300.jpg
ebay,women_tops,https://i.ebayimg.com/images/g/JlsAAOSwkh9aTyJU/s-l300.jpg
ebay,women_tops,https://i.ebayimg.com/images/g/fBoAAOSw-olaOPcy/s-l300.jpg
ebay,women_tops,https://i.ebayimg.com/images/g/MmAAAOSwNf1ZskM2/s-l300.jpg
ebay,women_tops,https://i.ebayimg.com/images/g/V8AAAOSw8W5aWd~o/s-l300.jpg
ebay,women_tops,https://i.ebayimg.com/images/g/EbgAAOSw1DtXE4ly/s-l300.jpg
ebay,women_tops,https://i.ebayimg.com/images/g/OvMAAOSwWxNY20X3/s-l300.jpg
ebay,women_tops,https://i.ebayimg.com/images/g/3XsAAOSwuLZY2kOs/s-l300.jpg
ebay,women_tops,https://i.ebayimg.com/images/g/t-EAAOSwSlBY20fQ/s-l300.jpg
ebay,women_tops,https://i.ebayimg.com/images/g/PJsAAOSwZLhY2z4S/s-l300.jpg
ebay,women_tops,https://i.ebayimg.com/images/g/g70AAOSwdGFY22BY/s-l300.jpg
ebay,women_tops,https://i.ebayimg.com/images/g/0FQAAOSwSlBY218N/s-l300.jpg
ebay,women_tops,https://i.ebayimg.com/images/g/34oAAOSwuLZY2JPk/s-l300.jpg
ebay,women_tops,https://i.ebayimg.com/images/g/69MAAOSwax5Y2JuQ/s-l300.jpg
ebay,women_tops,https://i.ebayimg.com/images/g/JwkAAOSwzgBY2Kmr/s-l300.jpg
ebay,women_tops,https://i.ebayimg.com/images/g/LwwAAOSwZ11aYkiS/s-l300.jpg
ebay,women_tops,https://i.ebayimg.com/images/g/iNwAAOSw~iRZnE5m/s-l300.jpg
ebay,women_tops,https://i.ebayimg.com/images/g/ztAAAOSwFEpakbdf/s-l300.jpg
ebay,women_tops,https://i.ebayimg.com/images/g/vLkAAOSwcN1aYkOz/s-l300.png
ebay,women_tops,https://i.ebayimg.com/images/g/WG0AAOSwyXNaAddD/s-l300.jpg
ebay,women_tops,https://i.ebayimg.com/images/g/W~0AAOSwn7JYEgAu/s-l300.jpg
ebay,women_tops,https://i.ebayimg.com/images/g/YFwAAOSwe6ZaV8MG/s-l300.jpg
ebay,women_tops,https://i.ebayimg.com/images/g/L5UAAOSw7aBVCA46/s-l300.jpg
ebay,women_tops,https://i.ebayimg.com/images/g/ElcAAOSwNwZamX-N/s-l300.jpg
ebay,women_tops,https://i.ebayimg.com/images/g/D-sAAOSw~AVYsvEA/s-l300.jpg
ebay,women_tops,https://i.ebayimg.com/images/g/GysAAOSwhlZZvAAQ/s-l300.jpg
ebay,women_tops,https://i.ebayimg.com/images/g/3dkAAOSwgkhakVCY/s-l300.jpg
